cif_name,predicted_bulk_modulus_A,predicted_bulk_modulus_B
MOF_net-fcu_node1-N8_edge1-E7,79.06204,72.50626
MOF_net-sml_node1-N49_edge1-none,69.077934,78.25449
MOF_net-fcu_node1-N8_edge1-E0,68.1547,64.42848
MOF_net-fcu_node1-N8_edge1-E1,60.08142,52.935028
MOF_net-smk_node1-N49_edge1-none,59.404716,50.36679
MOF_net-whk_node1-N49_edge1-none,47.367,52.659805
MOF_net-umx_node1-N74_edge1-E13,26.687925,1.0847871
MOF_net-qtz-x_node1-N46_edge1-E7,23.806257,18.53127
MOF_net-mdf_node1-N42_edge1-E5,22.559122,17.930717
MOF_net-hwx_node1-N61_node2-orgN9_edge1-none,20.555716,21.342648
MOF_net-sxb_node1-N58_edge1-E5,20.260622,15.419773
MOF_net-ftw_node1-N27_node2-orgN21_edge1-E3,19.205128,17.28236
MOF_net-bcg_node1-N76_edge1-E7,18.68462,16.407684
MOF_net-hcp_node1-N8_edge1-E1,17.735062,12.556967
MOF_net-mdf_node1-N42_edge1-E7,17.578714,13.845879
MOF_net-pth_node1-N79_node2-N57_edge1-none,15.2081585,13.500342
MOF_net-bcg_node1-N76_edge1-E4,15.132165,12.894047
MOF_net-mdf_node1-N42_edge1-E0,13.781895,11.723301
MOF_net-lhb_node1-N77_edge1-E0,13.3179865,12.336221
MOF_net-ibd_node1-N29_node2-N61_edge1-E3,12.8431225,13.272932
MOF_net-bcg_node1-N76_edge1-E0,12.359756,12.034279
MOF_net-snk_node1-N70_edge1-E3,10.649508,10.557459
MOF_net-qtz-x_node1-N48_edge1-E8,10.187777,8.315008
MOF_net-ftw_node1-N27_node2-orgN21_edge1-E14,10.029861,8.624065
MOF_net-ftw_node1-N27_node2-orgN21_edge1-E8,9.728769,7.55652
MOF_net-wkl_node1-N38_edge1-E0,9.081126,10.016861
MOF_net-qtz-e_node1-N20_edge1-E3,8.931056,9.294279
MOF_net-qtz-e_node1-N49_edge1-E3,8.842879,7.328126
MOF_net-wiv_node1-N20_edge1-E3,8.822342,8.190382
MOF_net-qtz-x_node1-N70_edge1-E7,8.610765,8.099406
MOF_net-wkl_node1-N61_edge1-E0,8.479881,9.379177
MOF_net-lcy_node1-N61_edge1-E3,8.259566,7.160877
MOF_net-wkl_node1-N61_edge1-E8,8.12696,7.7641783
MOF_net-bcg_node1-N76_edge1-E1,8.112009,7.4092593
MOF_net-snl_node1-N44_edge1-E7,8.091582,7.192313
MOF_net-iac_node1-N74_node2-N81_edge1-E5,7.909604,7.9691544
MOF_net-ukk_node1-N74_edge1-E3,7.8107166,10.1509495
MOF_net-som_node1-N39_edge1-E3,7.6127305,6.453371
MOF_net-bcu-b_node1-N77_node2-N76_edge1-E5,7.5737796,7.7635984
MOF_net-wkl_node1-N38_edge1-E8,7.5322876,8.380882
MOF_net-sml_node1-N36_edge1-E5,7.439322,7.3114924
MOF_net-sxf_node1-N61_edge1-E3,7.430073,6.303771
MOF_net-wkl_node1-N61_edge1-E5,7.298714,8.287948
MOF_net-mdf_node1-N74_edge1-E7,7.2924757,9.880571
MOF_net-qtz-x_node1-N70_edge1-E4,7.2587743,6.302951
MOF_net-mdf_node1-N42_edge1-E8,7.216456,6.685194
MOF_net-sit_node1-N52_node2-orgN8_edge1-E1,7.051685,5.604985
MOF_net-wkl_node1-N61_edge1-E3,7.0207405,8.5273285
MOF_net-wln_node1-N85_edge1-E8,6.9133067,5.8473787
MOF_net-ukk_node1-N57_edge1-E5,6.8541727,8.760726
MOF_net-dag_node1-N61_node2-orgN23_edge1-none,6.704254,6.024699
MOF_net-smw_node1-N38_edge1-E1,6.684343,8.358552
MOF_net-ssa_node1-N41_node2-orgN10_edge1-E10,6.660081,5.363058
MOF_net-ssa_node1-N57_node2-orgN10_edge1-E1,6.5854836,5.1067142
MOF_net-ukj_node1-N18_edge1-E3,6.502329,7.3925376
MOF_net-ssa_node1-N57_node2-orgN10_edge1-E7,6.4323177,4.8091154
MOF_net-nfc_node1-N57_edge1-E5,6.3659534,6.7460785
MOF_net-ssa_node1-N24_node2-orgN10_edge1-E1,6.2840815,3.69059
MOF_net-sqc_node1-N77_node2-orgN10_edge1-E3,6.2603865,5.223386
MOF_net-lhb_node1-N77_edge1-E8,6.21983,4.9324026
MOF_net-ssa_node1-N41_node2-orgN10_edge1-E7,6.1643343,4.910975
MOF_net-tsi_node1-N77_edge1-E4,6.1523695,5.8729825
MOF_net-ctn_node1-N83_node2-N10_edge1-E2,6.1362786,6.1659937
MOF_net-ssa_node1-N57_node2-orgN15_edge1-E7,6.091032,4.4822335
MOF_net-ssa_node1-N24_node2-orgN15_edge1-E7,6.0725126,3.8385901
MOF_net-bcg_node1-N76_edge1-E8,6.059142,4.7371736
MOF_net-sml_node1-N14_edge1-E7,6.0546875,5.3865957
MOF_net-ctn_node1-N83_node2-N42_edge1-E10,6.021509,6.6386614
MOF_net-ctn_node1-N83_node2-N42_edge1-E3,5.9674263,6.2002907
MOF_net-vbm_node1-N6_edge1-E3,5.866917,5.3882027
MOF_net-hcp_node1-N8_edge1-E15,5.7558813,5.312322
MOF_net-wkq_node1-N61_edge1-E3,5.7140627,5.326212
MOF_net-ctn_node1-N83_node2-N79_edge1-none,5.665201,5.6524444
MOF_net-ssa_node1-N41_node2-orgN15_edge1-E7,5.544573,4.585946
MOF_net-ssa_node1-N57_node2-orgN15_edge1-E1,5.3705993,3.936018
MOF_net-lcy_node1-N61_edge1-E7,5.29819,4.204565
MOF_net-sml_node1-N21_edge1-E7,5.2898397,5.3008056
MOF_net-sml_node1-N13_edge1-E7,5.2601132,4.2545404
MOF_net-mok_node1-N42_edge1-E5,5.2014985,4.198492
MOF_net-crs_node1-N20_edge1-E8,5.1787806,7.3692985
MOF_net-unl_node1-N10_edge1-E3,5.174733,6.260174
MOF_net-ssa_node1-N57_node2-orgN10_edge1-E0,5.166338,3.740924
MOF_net-sml_node1-N36_edge1-E7,5.0904713,4.979432
MOF_net-iac_node1-N78_node2-N81_edge1-E8,5.0750227,5.442891
MOF_net-ctn_node1-N42_node2-orgN2_edge1-E5,5.0638895,4.911598
MOF_net-lcy-e_node1-N61_edge1-E3,5.0075865,4.968321
MOF_net-sit_node1-N52_node2-orgN8_edge1-E9,4.931866,4.1060696
MOF_net-ssa_node1-N24_node2-orgN10_edge1-E0,4.8896804,2.5040734
MOF_net-iac_node1-N78_node2-N19_edge1-E14,4.8484845,5.427554
MOF_net-iac_node1-N74_node2-N19_edge1-E8,4.829291,5.1164665
MOF_net-ctn_node1-N42_node2-orgN9_edge1-E8,4.8241463,4.9653697
MOF_net-sne_node1-N61_edge1-E3,4.7692327,4.7943344
MOF_net-iac_node1-N55_node2-N81_edge1-E8,4.7578797,5.110586
MOF_net-iac_node1-N78_node2-N19_edge1-E8,4.753461,5.1030297
MOF_net-dag_node1-N61_node2-orgN9_edge1-E3,4.7456446,4.243355
MOF_net-whv_node1-N61_edge1-E3,4.7294073,4.2282767
MOF_net-ssa_node1-N57_node2-orgN15_edge1-E0,4.706041,3.710594
MOF_net-smw_node1-N61_edge1-E0,4.6767006,6.055036
MOF_net-anh_node1-N13_node2-orgN26_edge1-none,4.66502,3.4784858
MOF_net-ssa_node1-N41_node2-orgN10_edge1-E0,4.658782,3.4114761
MOF_net-sit_node1-N52_node2-orgN8_edge1-E15,4.621996,4.365554
MOF_net-wgw_node1-N61_edge1-E3,4.6041055,3.9051404
MOF_net-ssa_node1-N41_node2-orgN15_edge1-E0,4.5199165,3.2515004
MOF_net-ctn_node1-N83_node2-N78_edge1-E5,4.494069,4.2543736
MOF_net-ctn_node1-N42_node2-orgN9_edge1-E0,4.4718127,4.6793985
MOF_net-snl_node1-N13_edge1-E5,4.4210577,4.844969
MOF_net-afi_node1-N42_edge1-E0,4.3980865,4.850029
MOF_net-sml_node1-N14_edge1-E0,4.390047,4.8281574
MOF_net-ctn_node1-N42_node2-orgN9_edge1-E3,4.31236,4.949588
MOF_net-ctn_node1-N83_node2-N79_edge1-E10,4.291304,4.1239424
MOF_net-whp_node1-N61_edge1-E3,4.285877,3.939944
MOF_net-sqc_node1-N77_node2-orgN10_edge1-E5,4.2292666,3.9013045
MOF_net-ctn_node1-N42_node2-orgN9_edge1-E7,4.226495,4.3570576
MOF_net-whr_node1-N61_edge1-E3,4.216651,3.9489386
MOF_net-whr_node1-N61_edge1-E7,4.1943007,2.7278507
MOF_net-ctn_node1-N79_node2-orgN2_edge1-E2,4.164629,4.210167
MOF_net-snw_node1-N61_edge1-E3,4.126821,3.962775
MOF_net-ctn_node1-N42_node2-orgN2_edge1-E14,4.1236014,4.0706234
MOF_net-ssa_node1-N41_node2-orgN15_edge1-E5,4.098754,3.1387892
MOF_net-ssa_node1-N41_node2-orgN10_edge1-E5,4.0830865,3.3871148
MOF_net-vbm_node1-N21_edge1-E5,4.067076,4.525985
MOF_net-smc_node1-N61_edge1-E7,4.057015,3.6347313
MOF_net-snw_node1-N61_edge1-E7,4.0517645,3.8175685
MOF_net-vbm_node1-N36_edge1-E7,3.9957967,4.0202837
MOF_net-ctn_node1-N83_node2-N42_edge1-E7,3.9950056,3.9865243
MOF_net-rho_node1-N18_edge1-E1,3.974787,3.8510613
MOF_net-apo_node1-N48_node2-orgN9_edge1-E5,3.9468591,4.154839
MOF_net-sit_node1-N52_node2-orgN2_edge1-E9,3.9325526,3.910124
MOF_net-qtz-e_node1-N49_edge1-E0,3.912687,3.5836198
MOF_net-acs_node1-N61_edge1-E3,3.9094174,4.0042624
MOF_net-ukd_node1-N10_edge1-E2,3.9037406,4.5461774
MOF_net-pyr-e_node1-N61_edge1-E8,3.897971,3.288702
MOF_net-pto_node1-N41_node2-orgN2_edge1-E3,3.8853307,4.0761333
MOF_net-vbm_node1-N12_edge1-E5,3.8271961,4.769102
MOF_net-mok_node1-N42_edge1-E0,3.8106976,3.69772
MOF_net-vby_node1-N13_edge1-E0,3.7932367,3.9544816
MOF_net-ctn_node1-N83_node2-N55_edge1-E0,3.7881057,3.481222
MOF_net-ctn_node1-N83_node2-N42_edge1-E14,3.7751832,3.5676734
MOF_net-ctn_node1-N83_node2-N78_edge1-E7,3.7722857,3.6680222
MOF_net-ctn_node1-N42_node2-orgN2_edge1-E8,3.7228668,3.893597
MOF_net-snx_node1-N61_edge1-E3,3.6528714,3.6743057
MOF_net-ctn_node1-N79_node2-orgN9_edge1-E5,3.651919,3.6391852
MOF_net-vbm_node1-N17_edge1-E0,3.6469457,3.514747
MOF_net-sne_node1-N61_edge1-E7,3.6393905,3.135076
MOF_net-ctn_node1-N79_node2-orgN2_edge1-E3,3.6374366,3.5896869
MOF_net-ukd_node1-N73_edge1-E8,3.6369953,3.2694247
MOF_net-lcs_node1-N10_edge1-E1,3.632048,2.701546
MOF_net-ssa_node1-N41_node2-orgN10_edge1-E3,3.5894563,3.4761302
MOF_net-ssa_node1-N41_node2-orgN18_edge1-E10,3.5856688,2.5540173
MOF_net-pto_node1-N41_node2-orgN14_edge1-E10,3.5855653,4.16544
MOF_net-ctn_node1-N42_node2-orgN9_edge1-E13,3.5756905,3.6132674
MOF_net-ctn_node1-N42_node2-orgN17_edge1-E8,3.5680625,3.5718377
MOF_net-ctn_node1-N83_node2-N55_edge1-E14,3.5465298,3.2206457
MOF_net-ctn_node1-N83_node2-N55_edge1-E8,3.5370896,3.0399106
MOF_net-ctn_node1-N79_node2-orgN9_edge1-E14,3.533991,3.6557229
MOF_net-ctn_node1-N79_node2-orgN9_edge1-E8,3.527093,3.6101344
MOF_net-uka_node1-N79_edge1-none,3.5270212,3.2777634
MOF_net-smw_node1-N61_edge1-E13,3.5231931,4.4497538
MOF_net-snl_node1-N48_edge1-E8,3.5161548,3.4935768
MOF_net-ukk_node1-N57_edge1-E1,3.4850996,3.1417692
MOF_net-ctn_node1-N78_node2-orgN2_edge1-E0,3.4293852,3.8572166
MOF_net-ctn_node1-N79_node2-orgN17_edge1-E3,3.4279244,3.5108778
MOF_net-afi_node1-N42_edge1-E8,3.4230335,3.7555673
MOF_net-ctn_node1-N83_node2-N10_edge1-E14,3.4206007,3.1415656
MOF_net-ssa_node1-N41_node2-orgN15_edge1-E3,3.4193633,3.4225996
MOF_net-ctn_node1-N78_node2-orgN2_edge1-E7,3.4071298,3.6763325
MOF_net-ctn_node1-N79_node2-orgN14_edge1-E3,3.3998897,3.5243871
MOF_net-ctn_node1-N78_node2-orgN17_edge1-E7,3.3876588,3.5952275
MOF_net-lcy_node1-N61_edge1-E5,3.3859632,2.8918607
MOF_net-pto_node1-N41_node2-orgN2_edge1-E5,3.3847306,3.2380958
MOF_net-ctn_node1-N10_node2-orgN2_edge1-E7,3.363452,3.5306895
MOF_net-ctn_node1-N83_node2-N78_edge1-E8,3.3468015,3.1444592
MOF_net-afi_node1-N4_edge1-E14,3.3466637,3.6657233
MOF_net-ums_node1-N73_edge1-E5,3.344968,3.4251945
MOF_net-rtl_node1-N49_node2-orgN8_edge1-E1,3.341095,2.8446062
MOF_net-pto_node1-N41_node2-orgN26_edge1-E10,3.3340943,4.0921674
MOF_net-pto_node1-N41_node2-orgN17_edge1-E10,3.3337765,4.0278277
MOF_net-afi_node1-N74_edge1-E7,3.3213851,4.183968
MOF_net-ctn_node1-N10_node2-orgN17_edge1-E7,3.3186605,3.43392
MOF_net-ctn_node1-N10_node2-orgN14_edge1-E7,3.3086998,3.3802285
MOF_net-ctn_node1-N78_node2-orgN14_edge1-E7,3.2889705,3.5625196
MOF_net-lcy_node1-N61_edge1-E0,3.2875073,2.744912
MOF_net-ctn_node1-N83_node2-N10_edge1-E8,3.273096,2.9216688
MOF_net-ssa_node1-N41_node2-orgN18_edge1-E2,3.2607796,3.016538
MOF_net-rtl_node1-N28_node2-orgN8_edge1-E8,3.2422223,3.0332997
MOF_net-ssa_node1-N41_node2-orgN10_edge1-E1,3.2400815,2.5290089
MOF_net-uox_node1-N74_edge1-E14,3.2383425,3.3317544
MOF_net-sml_node1-N61_edge1-E7,3.2288015,3.097751
MOF_net-sni_node1-N61_edge1-E3,3.2247074,3.2706816
MOF_net-snx_node1-N61_edge1-E7,3.2142692,2.9717853
MOF_net-ato_node1-N74_edge1-E0,3.1648183,2.6955612
MOF_net-uke_node1-N29_edge1-E5,3.1645453,3.5756338
MOF_net-wgw_node1-N61_edge1-E7,3.140217,2.7357037
MOF_net-snk_node1-N43_edge1-E1,3.1305537,3.2640827
MOF_net-snk_node1-N46_edge1-E1,3.109012,3.3874805
MOF_net-ssa_node1-N41_node2-orgN18_edge1-E3,3.0736387,1.7652696
MOF_net-uox_node1-N74_edge1-E5,3.0162816,3.6235783
MOF_net-uox_node1-N10_edge1-E3,3.009488,3.1675682
MOF_net-ctn_node1-N83_node2-N79_edge1-E5,2.980471,2.7365413
MOF_net-cag_node1-N42_edge1-E3,2.9789717,3.0871966
MOF_net-sne_node1-N61_edge1-E0,2.9749286,2.8194578
MOF_net-wkf_node1-N61_edge1-E0,2.969776,2.7401917
MOF_net-uml_node1-N73_edge1-E5,2.9592266,3.0080268
MOF_net-smk_node1-N61_edge1-E7,2.940273,2.7262738
MOF_net-bpr_node1-N66_node2-orgN5_edge1-E3,2.9131699,3.3681505
MOF_net-rob_node1-N70_edge1-E0,2.906685,2.6775718
MOF_net-snk_node1-N47_edge1-E1,2.9007545,2.964343
MOF_net-hwx_node1-N61_node2-orgN9_edge1-E3,2.870984,3.0122404
MOF_net-apo_node1-N44_node2-orgN9_edge1-E0,2.8677874,2.9419434
MOF_net-uke_node1-N18_edge1-E7,2.8659804,3.1122105
MOF_net-afi_node1-N79_edge1-none,2.8637507,3.645197
MOF_net-rtl_node1-N44_node2-orgN26_edge1-E0,2.8584397,2.7567317
MOF_net-apo_node1-N46_node2-orgN9_edge1-E0,2.8571389,3.0486162
MOF_net-ssa_node1-N41_node2-orgN21_edge1-E2,2.8384907,2.3100674
MOF_net-ukn_node1-N73_edge1-E7,2.8159604,2.8116014
MOF_net-vbm_node1-N81_edge1-E13,2.812691,3.182882
MOF_net-apo_node1-N44_node2-orgN9_edge1-E15,2.8065627,2.9092045
MOF_net-sne_node1-N61_edge1-E5,2.8021111,2.872956
MOF_net-vbm_node1-N53_edge1-E1,2.7980242,2.7911327
MOF_net-pto_node1-N41_node2-orgN2_edge1-E7,2.7963743,2.4073632
MOF_net-ssa_node1-N57_node2-orgN10_edge1-E8,2.7870302,1.3296523
MOF_net-ato_node1-N29_edge1-E0,2.778549,2.8252573
MOF_net-rtl_node1-N81_node2-orgN8_edge1-E1,2.7716715,2.4887125
MOF_net-uox_node1-N29_edge1-E8,2.7566202,2.9241664
MOF_net-wgw_node1-N61_edge1-E0,2.7503033,2.531602
MOF_net-ukm_node1-N29_edge1-E8,2.7322996,3.2814827
MOF_net-bcg_node1-N76_edge1-E9,2.7089317,1.5772983
MOF_net-rho_node1-N18_edge1-E0,2.7003195,2.7340078
MOF_net-rtl_node1-N28_node2-orgN8_edge1-E1,2.6977084,2.2107856
MOF_net-sxi_node1-N61_edge1-E5,2.6502674,2.7983377
MOF_net-snk_node1-N70_edge1-E15,2.648324,3.1688328
MOF_net-umk_node1-N42_edge1-E8,2.6354332,2.8876956
MOF_net-ssa_node1-N41_node2-orgN21_edge1-E10,2.634121,2.2879364
MOF_net-rho_node1-N29_edge1-E0,2.6321604,2.5298722
MOF_net-lcs_node1-N42_edge1-E0,2.62022,2.0854304
MOF_net-dag_node1-N61_node2-orgN9_edge1-E5,2.6156013,2.891278
MOF_net-ukv_node1-N18_edge1-E14,2.6075027,2.820207
MOF_net-lcy-e_node1-N61_edge1-E5,2.6032157,2.4924717
MOF_net-ukm_node1-N74_edge1-E8,2.5897892,3.5324895
MOF_net-pto_node1-N41_node2-orgN26_edge1-E5,2.5889695,2.3490212
MOF_net-ukv_node1-N18_edge1-E7,2.580538,2.8904831
MOF_net-sxe_node1-N61_edge1-E8,2.5804374,2.5754325
MOF_net-ukm_node1-N29_edge1-E0,2.5797114,2.812951
MOF_net-ukv_node1-N10_edge1-E14,2.5743902,2.500353
MOF_net-ukr_node1-N73_edge1-E3,2.5659556,2.9611328
MOF_net-ukc_node1-N74_edge1-E8,2.5603166,2.7492979
MOF_net-ukj_node1-N57_edge1-E15,2.5421476,2.900641
MOF_net-ukv_node1-N18_edge1-E8,2.5395758,2.6935658
MOF_net-wgw_node1-N61_edge1-E5,2.5383437,2.4947143
MOF_net-ict_node1-N10_edge1-E5,2.53353,2.6457908
MOF_net-pto_node1-N41_node2-orgN2_edge1-E0,2.5326865,2.3850176
MOF_net-uow_node1-N29_edge1-E8,2.5283077,2.6825125
MOF_net-ukn_node1-N73_edge1-E5,2.5273566,2.5161612
MOF_net-afi_node1-N55_edge1-E1,2.5222409,2.5464966
MOF_net-afi_node1-N79_edge1-E2,2.5093672,2.6348739
MOF_net-apo_node1-N44_node2-orgN14_edge1-E3,2.4937596,2.6307304
MOF_net-rtl_node1-N81_node2-orgN22_edge1-E1,2.493647,2.2123313
MOF_net-afi_node1-N18_edge1-E1,2.4873888,2.6353798
MOF_net-vbb_node1-N73_edge1-E8,2.483536,2.4635715
MOF_net-whr_node1-N61_edge1-E5,2.4799874,2.2929213
MOF_net-neb_node1-N42_edge1-E15,2.465907,2.5541017
MOF_net-snk_node1-N69_edge1-E1,2.4588125,2.6423907
MOF_net-ana_node1-N74_edge1-E14,2.453624,2.6199858
MOF_net-ukd_node1-N10_edge1-E8,2.452915,2.7582896
MOF_net-snk_node1-N70_edge1-E1,2.450127,2.6530175
MOF_net-snx_node1-N61_edge1-E0,2.4490142,2.6473162
MOF_net-ssa_node1-N57_node2-orgN18_edge1-E0,2.4449024,1.2140564
MOF_net-afi_node1-N74_edge1-E1,2.4412563,2.6193943
MOF_net-ukj_node1-N18_edge1-E8,2.4386132,2.8519213
MOF_net-apo_node1-N48_node2-orgN8_edge1-E15,2.433153,2.5459867
MOF_net-sml_node1-N15_edge1-E1,2.4316869,2.4477086
MOF_net-ctn_node1-N78_node2-orgN2_edge1-E15,2.4268556,2.4284177
MOF_net-ana_node1-N18_edge1-E5,2.4233158,2.5988927
MOF_net-ukc_node1-N74_edge1-E0,2.4121988,2.7334158
MOF_net-neb_node1-N42_edge1-E7,2.4098234,2.5796332
MOF_net-yfu_node1-N0_edge1-E14,2.4097598,2.533943
MOF_net-ict_node1-N74_edge1-E14,2.4058096,3.2626355
MOF_net-rtl_node1-N44_node2-orgN26_edge1-E1,2.399402,2.0719726
MOF_net-ctn_node1-N83_node2-N79_edge1-E7,2.3958285,1.942465
MOF_net-sxg_node1-N6_edge1-E13,2.3879926,2.4155989
MOF_net-ana_node1-N18_edge1-E14,2.3823287,2.5245917
MOF_net-umr_node1-N74_edge1-E5,2.3799627,2.9006398
MOF_net-rtl_node1-N81_node2-orgN8_edge1-E9,2.3798897,2.3896642
MOF_net-ato_node1-N74_edge1-E5,2.3789613,3.0311742
MOF_net-rtl_node1-N28_node2-orgN22_edge1-E1,2.3678024,2.211149
MOF_net-sxg_node1-N53_edge1-E13,2.359252,2.6153789
MOF_net-whp_node1-N61_edge1-E0,2.3540282,2.0127032
MOF_net-pto_node1-N41_node2-orgN17_edge1-E5,2.3473241,2.1834872
MOF_net-ukb_node1-N42_edge1-E13,2.345847,2.4031641
MOF_net-uox_node1-N10_edge1-E5,2.3407888,2.666712
MOF_net-ukd_node1-N78_edge1-E15,2.3391616,2.4116073
MOF_net-ssa_node1-N57_node2-orgN15_edge1-E8,2.326549,1.3674756
MOF_net-dag_node1-N61_node2-orgN26_edge1-E5,2.309919,2.5479376
MOF_net-ukd_node1-N10_edge1-E5,2.3075216,2.5462728
MOF_net-uos_node1-N74_edge1-E8,2.3045082,2.620417
MOF_net-smd_node1-N61_edge1-E0,2.3032186,2.2946799
MOF_net-neb_node1-N29_edge1-E1,2.2950563,2.49774
MOF_net-dag_node1-N61_node2-orgN23_edge1-E0,2.2721546,2.495413
MOF_net-yfu_node1-N85_edge1-E14,2.2681863,2.6604006
MOF_net-ptr_node1-N74_node2-orgN19_edge1-none,2.2619953,2.3954308
MOF_net-afi_node1-N78_edge1-E1,2.2426412,2.3027196
MOF_net-rob_node1-N81_edge1-E4,2.2406003,2.2070963
MOF_net-ukv_node1-N29_edge1-E8,2.2404613,2.5004885
MOF_net-dia-a_node1-N79_edge1-none,2.2375662,2.2119534
MOF_net-pto_node1-N41_node2-orgN2_edge1-E14,2.233961,1.914214
MOF_net-pth_node1-N79_node2-orgN21_edge1-E10,2.2326524,2.5605898
MOF_net-rtl_node1-N28_node2-orgN8_edge1-E9,2.2325578,2.1660318
MOF_net-ato_node1-N74_edge1-E7,2.2322116,2.5881302
MOF_net-cor_node1-N74_node2-N52_edge1-E8,2.2273245,2.593318
MOF_net-pts_node1-N79_node2-orgN19_edge1-E2,2.22729,1.9075063
MOF_net-pth_node1-N79_node2-orgN18_edge1-E10,2.223389,2.513339
MOF_net-afi_node1-N10_edge1-E1,2.2175972,2.519745
MOF_net-ssa_node1-N41_node2-orgN10_edge1-E8,2.2111099,1.4569122
MOF_net-pem_node1-N10_edge1-E13,2.204816,2.3121321
MOF_net-cml_node1-N61_node2-orgN26_edge1-E5,2.1995337,2.3571548
MOF_net-ana_node1-N78_edge1-E0,2.198894,2.3115427
MOF_net-pcu-g_node1-N66_edge1-E2,2.1972806,2.387375
MOF_net-pts_node1-N79_node2-orgN18_edge1-E5,2.1967132,1.8766776
MOF_net-uou_node1-N42_edge1-E0,2.190724,2.4193096
MOF_net-uli_node1-N29_edge1-E5,2.1831,2.142738
MOF_net-pto_node1-N41_node2-orgN2_edge1-E8,2.1814957,1.869537
MOF_net-ssa_node1-N41_node2-orgN18_edge1-E7,2.1804185,1.4413813
MOF_net-ukb_node1-N29_edge1-E1,2.1789625,2.3358133
MOF_net-smg_node1-N38_edge1-E13,2.1700277,2.288377
MOF_net-cbo_node1-N4_edge1-E8,2.1692939,2.2497718
MOF_net-uky_node1-N29_edge1-E5,2.1663377,2.4578564
MOF_net-lcs_node1-N78_edge1-E1,2.164556,1.970827
MOF_net-ssa_node1-N41_node2-orgN21_edge1-E3,2.1611845,1.5152544
MOF_net-ume_node1-N42_edge1-E13,2.1569746,2.149192
MOF_net-ctn_node1-N83_node2-N79_edge1-E8,2.151665,1.5436901
MOF_net-unl_node1-N74_edge1-E13,2.1499398,2.3191578
MOF_net-rtl_node1-N81_node2-orgN8_edge1-E13,2.1448314,2.0638964
MOF_net-sin_node1-N66_edge1-E2,2.1429336,2.3037143
MOF_net-ukd_node1-N78_edge1-E13,2.1428034,2.086228
MOF_net-sxg_node1-N6_edge1-E15,2.1360424,2.2558186
MOF_net-ptr_node1-N73_node2-orgN19_edge1-none,2.132645,2.0914822
MOF_net-apo_node1-N48_node2-orgN26_edge1-E1,2.1313004,2.1869268
MOF_net-whr_node1-N61_edge1-E13,2.1300108,2.3123162
MOF_net-ctn_node1-N83_node2-N79_edge1-E14,2.126627,1.670421
MOF_net-cbo_node1-N4_edge1-E14,2.1168785,2.2542293
MOF_net-apo_node1-N46_node2-orgN14_edge1-E1,2.1103342,2.1330163
MOF_net-cor_node1-N78_node2-N52_edge1-E15,2.1080518,2.1484432
MOF_net-afi_node1-N29_edge1-E1,2.1044698,2.4120948
MOF_net-sml_node1-N36_edge1-E1,2.1023703,2.8254383
MOF_net-sxg_node1-N53_edge1-E15,2.0988746,2.4622204
MOF_net-ukn_node1-N78_edge1-E0,2.0981088,2.9417083
MOF_net-cbo_node1-N42_edge1-E0,2.0947196,2.1561882
MOF_net-apo_node1-N44_node2-orgN2_edge1-E15,2.088066,2.123007
MOF_net-ato_node1-N18_edge1-E7,2.080698,2.408416
MOF_net-umr_node1-N73_edge1-E14,2.0783293,2.1532056
MOF_net-rtl_node1-N28_node2-orgN8_edge1-E15,2.072046,1.9370252
MOF_net-sms_node1-N38_edge1-E15,2.0662236,2.0164816
MOF_net-vbm_node1-N13_edge1-E15,2.062873,2.4559383
MOF_net-dag_node1-N61_node2-orgN8_edge1-E1,2.0627952,2.2908638
MOF_net-snk_node1-N45_edge1-E15,2.0554588,2.2370665
MOF_net-cor_node1-N42_node2-N52_edge1-E15,2.0519395,2.1017694
MOF_net-ssa_node1-N41_node2-orgN10_edge1-E14,2.0488873,1.5927209
MOF_net-dag_node1-N61_node2-orgN26_edge1-E0,2.0488,2.1704254
MOF_net-sxi_node1-N61_edge1-E8,2.048551,2.4499686
MOF_net-ukr_node1-N18_edge1-E5,2.0483503,2.3066032
MOF_net-rtl_node1-N81_node2-orgN8_edge1-E15,2.0456262,2.0588474
MOF_net-ums_node1-N74_edge1-E14,2.0401235,2.4570148
MOF_net-cag_node1-N42_edge1-E1,2.039527,2.1126752
MOF_net-ict_node1-N74_edge1-E13,2.0387976,2.2033489
MOF_net-cml_node1-N61_node2-orgN26_edge1-E3,2.0317068,2.3155077
MOF_net-ukr_node1-N78_edge1-E5,2.0306692,2.365834
MOF_net-uoy_node1-N42_edge1-E13,2.0282276,2.0459957
MOF_net-tbo_node1-N24_node2-orgN9_edge1-E14,2.022176,1.7686208
MOF_net-smd_node1-N38_edge1-E13,2.0218213,2.3745341
MOF_net-smm_node1-N21_edge1-E7,2.0167873,3.2559536
MOF_net-dag_node1-N61_node2-orgN26_edge1-E8,2.015647,1.9294149
MOF_net-ctn_node1-N79_node2-orgN14_edge1-E14,2.0126235,1.9802886
MOF_net-cor_node1-N42_node2-N52_edge1-E13,2.0079865,2.1314948
MOF_net-smq_node1-N38_edge1-E13,1.9988582,2.3459325
MOF_net-dag_node1-N61_node2-orgN26_edge1-E7,1.9972776,2.0810964
MOF_net-rho_node1-N78_edge1-E8,1.9929072,2.3158767
MOF_net-umr_node1-N73_edge1-E8,1.9919286,2.0484455
MOF_net-mer_node1-N42_edge1-E14,1.9871391,2.3261683
MOF_net-umr_node1-N74_edge1-E14,1.9855297,2.2807033
MOF_net-unr_node1-N73_edge1-E14,1.984546,2.1391575
MOF_net-ulj_node1-N24_edge1-E0,1.9816623,1.8655545
MOF_net-ato_node1-N74_edge1-E8,1.9766585,2.3025591
MOF_net-umr_node1-N74_edge1-E0,1.9761747,2.3500092
MOF_net-cbo_node1-N74_edge1-E1,1.9684542,2.0411289
MOF_net-ato_node1-N29_edge1-E14,1.9675274,2.1004615
MOF_net-umq_node1-N73_edge1-E8,1.9665347,2.0433571
MOF_net-pts_node1-N79_node2-orgN19_edge1-E3,1.9639469,1.6523558
MOF_net-nfa_node1-N41_edge1-E5,1.9611784,2.0927148
MOF_net-uli_node1-N78_edge1-E8,1.9577769,2.0263953
MOF_net-ict_node1-N74_edge1-E15,1.9570862,2.2170477
MOF_net-cml_node1-N61_node2-orgN26_edge1-E0,1.951478,2.0411735
MOF_net-umv_node1-N79_edge1-E3,1.9379284,1.9966247
MOF_net-afi_node1-N42_edge1-E15,1.9331524,1.9157181
MOF_net-ato_node1-N74_edge1-E14,1.9287387,2.4116862
MOF_net-lcy-e_node1-N45_edge1-E13,1.9244511,2.092687
MOF_net-smq_node1-N61_edge1-E13,1.9191499,2.2323
MOF_net-umq_node1-N74_edge1-E8,1.9151759,2.110222
MOF_net-whp_node1-N61_edge1-E8,1.9102333,2.4284592
MOF_net-ptr_node1-N74_node2-orgN21_edge1-E2,1.9029666,2.1164815
MOF_net-hwx_node1-N61_node2-orgN8_edge1-E8,1.8951772,2.4496582
MOF_net-hwx_node1-N61_node2-orgN26_edge1-E5,1.8897961,2.23381
MOF_net-pto_node1-N41_node2-orgN26_edge1-E0,1.8891631,1.6837702
MOF_net-smg_node1-N38_edge1-E15,1.8882457,2.0314286
MOF_net-ato_node1-N29_edge1-E8,1.8828477,1.9721403
MOF_net-apo_node1-N83_node2-N48_edge1-E1,1.8779246,1.9261411
MOF_net-nom_node1-N74_node2-orgN21_edge1-E10,1.8775207,2.349829
MOF_net-gme_node1-N42_edge1-E8,1.8772471,2.0427232
MOF_net-ukd_node1-N29_edge1-E13,1.8735545,1.9390084
MOF_net-smd_node1-N81_edge1-E0,1.872392,1.9507257
MOF_net-pth_node1-N42_node2-orgN19_edge1-E5,1.8711078,1.764845
MOF_net-apo_node1-N44_node2-orgN26_edge1-E15,1.8646668,1.9086959
MOF_net-smg_node1-N61_edge1-E15,1.8644956,2.0338953
MOF_net-cbo_node1-N73_edge1-E1,1.8640773,1.8570948
MOF_net-lcy-e_node1-N46_edge1-E13,1.8636941,2.0436757
MOF_net-apo_node1-N48_node2-orgN26_edge1-E15,1.8632665,1.9103628
MOF_net-apo_node1-N46_node2-orgN26_edge1-E15,1.8616062,1.8994118
MOF_net-pry_node1-N49_node2-orgN2_edge1-E15,1.8609428,1.9072393
MOF_net-fob_node1-N0_edge1-E1,1.8570269,2.0613317
MOF_net-hwx_node1-N61_node2-orgN14_edge1-E7,1.8566196,1.8925046
MOF_net-lcy-e_node1-N43_edge1-E13,1.8563372,2.0670466
MOF_net-ums_node1-N78_edge1-E14,1.8540665,2.1301346
MOF_net-pth_node1-N79_node2-orgN19_edge1-E10,1.8538705,1.7589344
MOF_net-ict_node1-N78_edge1-E15,1.8495697,2.0740194
MOF_net-smk_node1-N61_edge1-E1,1.8465912,2.0040584
MOF_net-mer_node1-N42_edge1-E5,1.8406376,2.2314532
MOF_net-mer_node1-N10_edge1-E0,1.8398303,1.9693575
MOF_net-ukv_node1-N55_edge1-E7,1.8347803,2.5702093
MOF_net-umz_node1-N42_edge1-E15,1.8342105,2.0196595
MOF_net-ukn_node1-N73_edge1-E14,1.8326193,1.8025736
MOF_net-hwx_node1-N61_node2-orgN26_edge1-E8,1.8313704,1.811124
MOF_net-nom_node1-N74_node2-orgN10_edge1-E7,1.8310903,1.7287916
MOF_net-ptr_node1-N73_node2-orgN18_edge1-E2,1.828809,1.8830898
MOF_net-ptr_node1-N42_node2-orgN15_edge1-E3,1.8281988,1.999544
MOF_net-lcy-e_node1-N44_edge1-E13,1.8236566,2.0483298
MOF_net-ptr_node1-N74_node2-orgN18_edge1-E2,1.8229162,2.0382183
MOF_net-uou_node1-N79_edge1-E0,1.8096722,1.8227444
MOF_net-ums_node1-N29_edge1-E14,1.8073963,1.9577016
MOF_net-pto_node1-N41_node2-orgN14_edge1-E7,1.8062922,1.5833275
MOF_net-skb_node1-N86_edge1-E1,1.8061614,2.1436868
MOF_net-ptr_node1-N42_node2-orgN10_edge1-E3,1.8051604,2.0631738
MOF_net-ptr_node1-N18_node2-orgN18_edge1-E2,1.802026,1.9754605
MOF_net-wig_node1-N61_edge1-E15,1.8016964,2.0788393
MOF_net-nfa_node1-N41_edge1-E0,1.80127,1.8173083
MOF_net-myd_node1-N57_node2-N81_edge1-E13,1.7993883,1.8369519
MOF_net-pto_node1-N41_node2-orgN17_edge1-E0,1.7980562,1.6642134
MOF_net-smm_node1-N69_edge1-E7,1.7926359,3.3503032
MOF_net-myd_node1-N57_node2-N49_edge1-E13,1.7925893,1.8011295
MOF_net-pts_node1-N10_node2-orgN19_edge1-E7,1.7902309,1.5332919
MOF_net-ukn_node1-N73_edge1-E8,1.7884387,1.619453
MOF_net-afi_node1-N42_edge1-E9,1.7882091,2.148274
MOF_net-ukk_node1-N4_edge1-E15,1.7876593,1.787798
MOF_net-pto_node1-N41_node2-orgN14_edge1-E0,1.7865938,1.5853697
MOF_net-ato_node1-N18_edge1-E14,1.7850313,1.9514467
MOF_net-umr_node1-N29_edge1-E8,1.7842046,1.9687709
MOF_net-hwx_node1-N61_node2-orgN26_edge1-E0,1.7824162,1.9981115
MOF_net-hbo_node1-N4_edge1-E7,1.7824128,1.9681269
MOF_net-ssa_node1-N41_node2-orgN19_edge1-E2,1.7823201,2.2148716
MOF_net-pth_node1-N10_node2-orgN19_edge1-E5,1.7810268,1.6028205
MOF_net-neb_node1-N79_edge1-E8,1.7765671,1.7679868
MOF_net-ssa_node1-N24_node2-orgN10_edge1-E8,1.7746409,0.9438648
MOF_net-uou_node1-N79_edge1-E7,1.7742003,1.8419114
MOF_net-smd_node1-N61_edge1-E5,1.7736055,1.881859
MOF_net-hwx_node1-N61_node2-orgN9_edge1-E0,1.7694782,1.986623
MOF_net-ptr_node1-N78_node2-orgN18_edge1-E2,1.7687099,2.0120409
MOF_net-rho_node1-N10_edge1-E14,1.7672807,1.8877963
MOF_net-cha_node1-N79_edge1-none,1.7594196,2.154702
MOF_net-hwx_node1-N61_node2-orgN26_edge1-E7,1.757711,1.9314982
MOF_net-rtl_node1-N28_node2-orgN8_edge1-E13,1.7561109,1.5964066
MOF_net-ato_node1-N78_edge1-E14,1.7560582,1.9945817
MOF_net-hwx_node1-N61_node2-orgN8_edge1-E15,1.7558185,1.8523239
MOF_net-whm_node1-N38_edge1-E15,1.7500738,2.0048118
MOF_net-smm_node1-N69_edge1-E1,1.7478498,2.267965
MOF_net-ctn_node1-N55_node2-orgN2_edge1-E13,1.7393073,2.0273614
MOF_net-pth_node1-N79_node2-orgN19_edge1-E2,1.7388946,1.70491
MOF_net-apo_node1-N52_node2-orgN8_edge1-E13,1.7374929,1.7891184
MOF_net-lcy-e_node1-N43_edge1-E15,1.734562,1.8803962
MOF_net-whr_node1-N81_edge1-E15,1.734119,2.2119172
MOF_net-umd_node1-N4_edge1-E1,1.7338054,1.8219289
MOF_net-nom_node1-N18_node2-orgN10_edge1-E5,1.7321546,1.7739699
MOF_net-myd_node1-N57_node2-N52_edge1-E1,1.7312368,1.8920057
MOF_net-wla_node1-N85_edge1-E15,1.7309986,1.7756449
MOF_net-ptr_node1-N55_node2-orgN21_edge1-E2,1.7298069,2.0017357
MOF_net-gme_node1-N79_edge1-none,1.7287813,2.1945055
MOF_net-ulj_node1-N24_edge1-E8,1.7276028,1.6840817
MOF_net-ukr_node1-N78_edge1-E14,1.7264738,1.8811668
MOF_net-myd_node1-N57_node2-N81_edge1-E15,1.7198149,1.8370739
MOF_net-pth_node1-N79_node2-orgN19_edge1-E3,1.7105564,1.593197
MOF_net-pry_node1-N49_node2-orgN2_edge1-E13,1.7048151,1.7034913
MOF_net-nfa_node1-N41_edge1-E8,1.6957486,2.0562713
MOF_net-ssa_node1-N41_node2-orgN15_edge1-E8,1.6935282,1.357216
MOF_net-lcy-e_node1-N46_edge1-E8,1.6880873,1.8399293
MOF_net-hwx_node1-N61_node2-orgN2_edge1-E1,1.6852075,1.7147712
MOF_net-hwx_node1-N61_node2-orgN26_edge1-E3,1.6821855,2.0732787
MOF_net-hwx_node1-N61_node2-orgN23_edge1-E1,1.6796867,1.7709335
MOF_net-ptr_node1-N74_node2-orgN18_edge1-E3,1.6744658,1.8125956
MOF_net-lcy-a_node1-N42_edge1-E8,1.6723493,1.8447579
MOF_net-ukn_node1-N78_edge1-E14,1.6712761,1.895068
MOF_net-hwx_node1-N61_node2-orgN23_edge1-E0,1.6675931,2.0397298
MOF_net-sml_node1-N61_edge1-E1,1.6673275,1.7978319
MOF_net-ung_node1-N29_edge1-E1,1.6646949,1.7401549
MOF_net-ptr_node1-N42_node2-orgN18_edge1-E3,1.6624697,1.9417537
MOF_net-ptr_node1-N29_node2-orgN18_edge1-E2,1.6618282,1.8308392
MOF_net-hwx_node1-N61_node2-orgN8_edge1-E13,1.6605563,1.6613659
MOF_net-cbo_node1-N42_edge1-E15,1.6595987,1.7812752
MOF_net-ptr_node1-N73_node2-orgN21_edge1-E3,1.6573483,1.70427
MOF_net-ptr_node1-N10_node2-orgN21_edge1-E2,1.6556967,1.9516839
MOF_net-hwx_node1-N61_node2-orgN9_edge1-E1,1.6554693,1.7785559
MOF_net-lcs_node1-N74_edge1-E1,1.6543223,1.7834386
MOF_net-ssb_node1-N41_node2-orgN19_edge1-E3,1.6472828,1.5829655
MOF_net-pts_node1-N10_node2-orgN19_edge1-E0,1.6465937,1.490259
MOF_net-cbo_node1-N42_edge1-E13,1.6458857,1.856797
MOF_net-ssa_node1-N57_node2-orgN18_edge1-E1,1.644803,1.0701582
MOF_net-hwx_node1-N61_node2-orgN26_edge1-E10,1.6439635,2.186163
MOF_net-uma_node1-N73_edge1-E14,1.6425896,1.9594085
MOF_net-ssa_node1-N41_node2-orgN15_edge1-E14,1.6425651,1.4629627
MOF_net-nfa_node1-N41_edge1-E14,1.639464,2.0944436
MOF_net-lcy-e_node1-N44_edge1-E8,1.6385342,1.9941583
MOF_net-ssa_node1-N24_node2-orgN10_edge1-E14,1.6267632,1.0977867
MOF_net-pto_node1-N41_node2-orgN26_edge1-E14,1.624106,1.537677
MOF_net-ctn_node1-N42_node2-orgN17_edge1-E15,1.6240337,1.5313833
MOF_net-pto_node1-N41_node2-orgN26_edge1-E8,1.6235033,1.4465376
MOF_net-hbo_node1-N29_edge1-E1,1.6232189,1.6415316
MOF_net-ict_node1-N74_edge1-E7,1.6206733,1.8219162
MOF_net-eea_node1-N83_node2-N43_edge1-E2,1.6202852,1.3778114
MOF_net-sni_node1-N61_edge1-E5,1.6201625,1.7830688
MOF_net-nom_node1-N42_node2-orgN15_edge1-E0,1.6186355,1.7181886
MOF_net-atn_node1-N42_edge1-E1,1.6179663,1.6893934
MOF_net-mon_node1-N42_edge1-E1,1.614704,1.7391142
MOF_net-nom_node1-N42_node2-orgN10_edge1-E7,1.6138356,1.789523
MOF_net-hwx_node1-N61_node2-orgN9_edge1-E7,1.6130276,1.6439644
MOF_net-mer_node1-N74_edge1-E7,1.609711,2.272532
MOF_net-rho_node1-N10_edge1-E8,1.6092157,1.8177786
MOF_net-pth_node1-N10_node2-orgN19_edge1-E7,1.6060311,1.4863937
MOF_net-pth_node1-N18_node2-orgN19_edge1-E5,1.6047069,1.5719317
MOF_net-nom_node1-N42_node2-orgN15_edge1-E7,1.6044438,1.7767208
MOF_net-nom_node1-N42_node2-orgN10_edge1-E0,1.6007396,1.7183322
MOF_net-lcy-e_node1-N48_edge1-E15,1.5996176,1.8338836
MOF_net-rtl_node1-N44_node2-orgN26_edge1-E15,1.595198,1.5106028
MOF_net-nom_node1-N79_node2-orgN15_edge1-E2,1.5932906,1.8093253
MOF_net-pth_node1-N74_node2-orgN20_edge1-E4,1.5858454,1.5388708
MOF_net-nom_node1-N79_node2-orgN10_edge1-E2,1.5842664,1.79367
MOF_net-hwx_node1-N61_node2-orgN8_edge1-E0,1.5838758,1.8295016
MOF_net-pto_node1-N41_node2-orgN9_edge1-E15,1.5818541,1.4146614
MOF_net-rtl_node1-N48_node2-orgN26_edge1-E15,1.5802627,1.4970421
MOF_net-uou_node1-N79_edge1-E8,1.5796793,1.6642947
MOF_net-pts_node1-N79_node2-orgN21_edge1-E7,1.5705055,1.3771797
MOF_net-pth_node1-N10_node2-orgN19_edge1-E0,1.5703593,1.460608
MOF_net-smn_node1-N81_edge1-E15,1.5638434,1.8343332
MOF_net-sog_node1-N85_edge1-E14,1.5507201,2.015111
MOF_net-hwx_node1-N61_node2-orgN8_edge1-E7,1.5506631,1.5301292
MOF_net-ptr_node1-N55_node2-orgN18_edge1-E2,1.548926,1.861141
MOF_net-pcl_node1-N42_edge1-E1,1.5466002,1.7762656
MOF_net-ptr_node1-N73_node2-orgN18_edge1-E3,1.545313,1.555571
MOF_net-ptr_node1-N18_node2-orgN18_edge1-E3,1.541633,1.6405742
MOF_net-pts_node1-N79_node2-orgN21_edge1-E4,1.5414759,1.4038149
MOF_net-ukc_node1-N78_edge1-E15,1.5414442,1.583301
MOF_net-lcs_node1-N42_edge1-E8,1.5341381,1.5629025
MOF_net-pts_node1-N10_node2-orgN19_edge1-E4,1.533347,1.3640012
MOF_net-lcy-e_node1-N48_edge1-E1,1.5301198,1.8706684
MOF_net-hwx_node1-N61_node2-orgN8_edge1-E1,1.5160221,1.8221262
MOF_net-smd_node1-N61_edge1-E15,1.5106391,1.9805845
MOF_net-pth_node1-N42_node2-orgN18_edge1-E1,1.5048548,1.5134797
MOF_net-gar_node1-N78_node2-N53_edge1-E8,1.502266,1.1189439
MOF_net-cml_node1-N61_node2-orgN26_edge1-E1,1.5016307,1.4666684
MOF_net-pth_node1-N10_node2-orgN19_edge1-E4,1.4997652,1.4203709
MOF_net-ict_node1-N74_edge1-E1,1.4982767,1.6774873
MOF_net-whr_node1-N81_edge1-E0,1.4971837,1.4731307
MOF_net-ato_node1-N10_edge1-E0,1.4940618,1.9313883
MOF_net-ssa_node1-N41_node2-orgN21_edge1-E7,1.4937946,1.1999002
MOF_net-nom_node1-N74_node2-orgN15_edge1-E7,1.4930632,1.643098
MOF_net-pth_node1-N78_node2-orgN19_edge1-E4,1.4876145,1.3586129
MOF_net-pth_node1-N18_node2-orgN19_edge1-E7,1.4868757,1.4615778
MOF_net-ssa_node1-N24_node2-orgN15_edge1-E8,1.48272,0.88326746
MOF_net-pth_node1-N74_node2-orgN19_edge1-E7,1.4802861,1.4507016
MOF_net-pth_node1-N18_node2-orgN19_edge1-E0,1.4769982,1.4269602
MOF_net-smq_node1-N61_edge1-E8,1.4767417,1.765329
MOF_net-sog_node1-N85_edge1-E8,1.4748449,1.9458575
MOF_net-umc_node1-N4_edge1-E1,1.4694312,1.6675928
MOF_net-pth_node1-N18_node2-orgN19_edge1-E4,1.4679614,1.4705089
MOF_net-pth_node1-N42_node2-orgN19_edge1-E7,1.4626311,1.4685347
MOF_net-pts_node1-N79_node2-orgN21_edge1-E0,1.4611638,1.3428856
MOF_net-pth_node1-N42_node2-orgN19_edge1-E0,1.460076,1.4530531
MOF_net-pth_node1-N42_node2-orgN21_edge1-E1,1.4597524,1.5227482
MOF_net-pth_node1-N79_node2-orgN21_edge1-E0,1.454887,1.4271291
MOF_net-pth_node1-N74_node2-orgN19_edge1-E0,1.4542814,1.4360099
MOF_net-afi_node1-N79_edge1-E7,1.4491566,1.204472
MOF_net-hwx_node1-N61_node2-orgN23_edge1-E7,1.4348477,1.7154952
MOF_net-lcs_node1-N42_edge1-E15,1.4341031,1.4602234
MOF_net-ukn_node1-N18_edge1-E14,1.4285249,1.7537576
MOF_net-nom_node1-N18_node2-orgN10_edge1-E7,1.4277246,1.5521344
MOF_net-pth_node1-N42_node2-orgN19_edge1-E8,1.4268774,1.3778211
MOF_net-wjc_node1-N32_edge1-E14,1.4233639,1.7268016
MOF_net-cbo_node1-N73_edge1-E15,1.4218584,1.4274727
MOF_net-sog_node1-N85_edge1-E5,1.4205493,1.7070004
MOF_net-pth_node1-N74_node2-orgN19_edge1-E4,1.4195236,1.3954129
MOF_net-mer_node1-N4_edge1-E15,1.4177148,1.3739561
MOF_net-ssa_node1-N41_node2-orgN18_edge1-E5,1.4124374,0.98313755
MOF_net-ssa_node1-N57_node2-orgN15_edge1-E15,1.4094743,0.82300097
MOF_net-pth_node1-N78_node2-orgN19_edge1-E8,1.40918,1.2542559
MOF_net-nom_node1-N74_node2-orgN10_edge1-E0,1.4023038,1.55435
MOF_net-ukn_node1-N10_edge1-E14,1.385471,1.5810206
MOF_net-cbo_node1-N74_edge1-E15,1.3741423,1.5987104
MOF_net-ums_node1-N10_edge1-E14,1.3727139,1.665883
MOF_net-ukc_node1-N78_edge1-E13,1.3712937,1.5018216
MOF_net-ukn_node1-N29_edge1-E14,1.3648068,1.6237406
MOF_net-ukh_node1-N79_edge1-E1,1.3567442,1.41332
MOF_net-ukr_node1-N55_edge1-E8,1.3543433,1.4678166
MOF_net-pto_node1-N41_node2-orgN14_edge1-E8,1.3540643,1.2521598
MOF_net-afi_node1-N79_edge1-E0,1.3530693,1.0322977
MOF_net-nom_node1-N79_node2-orgN15_edge1-E3,1.3528515,1.4487345
MOF_net-nom_node1-N18_node2-orgN15_edge1-E7,1.3507273,1.4597168
MOF_net-nom_node1-N10_node2-orgN10_edge1-E7,1.3460648,1.5687159
MOF_net-hwx_node1-N61_node2-orgN26_edge1-E1,1.3432015,1.3632797
MOF_net-ctn_node1-N83_node2-N55_edge1-E13,1.3427905,1.1361626
MOF_net-pto_node1-N41_node2-orgN9_edge1-E13,1.3368374,1.3025252
MOF_net-lcs_node1-N18_edge1-E15,1.3359811,1.289711
MOF_net-ato_node1-N10_edge1-E14,1.3331865,1.5102507
MOF_net-ptr_node1-N79_node2-orgN15_edge1-E3,1.3306996,1.4830121
MOF_net-gme_node1-N79_edge1-E3,1.3306485,1.2151707
MOF_net-utm_node1-N66_edge1-E7,1.3304526,1.4855167
MOF_net-pth_node1-N10_node2-orgN19_edge1-E8,1.3302392,1.159547
MOF_net-afi_node1-N42_edge1-E13,1.3227862,1.5650457
MOF_net-nom_node1-N10_node2-orgN15_edge1-E7,1.3200644,1.4754995
MOF_net-smd_node1-N61_edge1-E8,1.3153306,1.9427946
MOF_net-pth_node1-N18_node2-orgN19_edge1-E8,1.3101865,1.2157364
MOF_net-nom_node1-N78_node2-orgN10_edge1-E0,1.3069516,1.4781028
MOF_net-hbo_node1-N4_edge1-E13,1.3069488,1.685188
MOF_net-nom_node1-N74_node2-orgN15_edge1-E0,1.3067455,1.5543337
MOF_net-smm_node1-N13_edge1-E1,1.2976651,2.1426651
MOF_net-pth_node1-N74_node2-orgN19_edge1-E8,1.2973763,1.3042122
MOF_net-fng_node1-N86_edge1-E1,1.2921788,1.8145787
MOF_net-pth_node1-N79_node2-orgN19_edge1-E5,1.2708217,1.2322127
MOF_net-pcu-g_node1-N83_edge1-none,1.2677705,1.1361206
MOF_net-pts_node1-N79_node2-orgN18_edge1-E4,1.2677032,1.1908637
MOF_net-cbo_node1-N29_edge1-E13,1.2656657,1.2800556
MOF_net-pth_node1-N79_node2-orgN21_edge1-E14,1.2644899,1.279051
MOF_net-ssa_node1-N24_node2-orgN15_edge1-E14,1.2617328,0.9123549
MOF_net-pth_node1-N79_node2-orgN18_edge1-E14,1.261074,1.2686032
MOF_net-hbo_node1-N4_edge1-E15,1.2553346,1.6149567
MOF_net-nom_node1-N18_node2-orgN15_edge1-E0,1.2460846,1.3142432
MOF_net-ukn_node1-N29_edge1-E8,1.2429742,1.421143
MOF_net-lcs_node1-N74_edge1-E15,1.2405277,1.2787646
MOF_net-nom_node1-N18_node2-orgN10_edge1-E0,1.2349802,1.3595077
MOF_net-pth_node1-N29_node2-orgN19_edge1-E8,1.2234961,1.1442945
MOF_net-nom_node1-N79_node2-orgN19_edge1-none,1.2189801,1.2727185
MOF_net-nom_node1-N55_node2-orgN10_edge1-E7,1.2111211,1.4137666
MOF_net-cbo_node1-N29_edge1-E15,1.206321,1.2696444
MOF_net-gme_node1-N78_edge1-E1,1.19821,1.2357743
MOF_net-dei_node1-N73_edge1-E7,1.1956793,1.2510304
MOF_net-pth_node1-N79_node2-orgN21_edge1-E8,1.1898531,1.2063462
MOF_net-ssa_node1-N41_node2-orgN18_edge1-E0,1.1873722,0.9602187
MOF_net-nom_node1-N55_node2-orgN15_edge1-E7,1.1829301,1.3588585
MOF_net-nom_node1-N10_node2-orgN10_edge1-E0,1.1793026,1.3728834
MOF_net-nom_node1-N42_node2-orgN18_edge1-E5,1.1762342,1.2399002
MOF_net-gar_node1-N74_node2-N53_edge1-E8,1.1741861,1.1879596
MOF_net-etf_node1-N83_edge1-none,1.1735604,1.0900372
MOF_net-pts_node1-N79_node2-orgN18_edge1-E14,1.1711558,1.110273
MOF_net-ptr_node1-N42_node2-orgN15_edge1-E8,1.1677327,1.2309071
MOF_net-hwx_node1-N61_node2-orgN14_edge1-E1,1.1676911,1.1904916
MOF_net-nom_node1-N42_node2-orgN15_edge1-E8,1.1671948,1.2512072
MOF_net-nom_node1-N10_node2-orgN15_edge1-E0,1.1626838,1.3249718
MOF_net-nom_node1-N78_node2-orgN19_edge1-E10,1.1602856,1.2338108
MOF_net-nom_node1-N29_node2-orgN15_edge1-E0,1.1495498,1.2548503
MOF_net-nom_node1-N79_node2-orgN21_edge1-E10,1.1461015,1.2114569
MOF_net-ssa_node1-N41_node2-orgN15_edge1-E15,1.1266205,0.7207803
MOF_net-dei_node1-N73_edge1-E14,1.1233094,1.0793769
MOF_net-nom_node1-N55_node2-orgN15_edge1-E0,1.1151711,1.2372
MOF_net-nom_node1-N55_node2-orgN10_edge1-E0,1.1148098,1.2523475
MOF_net-fnc_node1-N0_edge1-E15,1.1138761,1.1117554
MOF_net-dei_node1-N73_edge1-E0,1.1105522,1.2235237
MOF_net-nom_node1-N42_node2-orgN10_edge1-E1,1.1060133,1.0542513
MOF_net-afi_node1-N79_edge1-E5,1.1027483,1.1843203
MOF_net-pth_node1-N42_node2-orgN18_edge1-E15,1.1023456,1.100561
MOF_net-pts_node1-N79_node2-orgN18_edge1-E8,1.1021322,1.0061982
MOF_net-sod-g_node1-N66_edge1-E2,1.1021068,1.624784
MOF_net-nom_node1-N10_node2-orgN19_edge1-E2,1.1014274,1.0802823
MOF_net-lcs_node1-N74_edge1-E13,1.096897,1.1965876
MOF_net-ptr_node1-N78_node2-orgN19_edge1-E2,1.08994,1.0919907
MOF_net-ukf_node1-N79_edge1-E1,1.0885249,1.1015178
MOF_net-nom_node1-N79_node2-orgN18_edge1-E2,1.0871702,1.1116084
MOF_net-ssa_node1-N41_node2-orgN10_edge1-E15,1.0833163,0.6878846
MOF_net-hwx_node1-N61_node2-orgN2_edge1-E15,1.07343,1.1026554
MOF_net-ung_node1-N4_edge1-E13,1.0666708,1.0638931
MOF_net-ssa_node1-N41_node2-orgN21_edge1-E5,1.06529,0.8831325
MOF_net-ptr_node1-N78_node2-orgN15_edge1-E14,1.0584882,1.0809344
MOF_net-nom_node1-N79_node2-orgN10_edge1-E5,1.0488069,1.0129542
MOF_net-neb_node1-N79_edge1-E15,1.046049,1.0907425
MOF_net-ptr_node1-N78_node2-orgN10_edge1-E14,1.044165,1.0995519
MOF_net-nom_node1-N73_node2-orgN10_edge1-E1,1.0412015,0.92962855
MOF_net-pts_node1-N79_node2-orgN19_edge1-E5,1.0399213,0.90911865
MOF_net-ptr_node1-N73_node2-orgN15_edge1-E14,1.033905,1.0117525
MOF_net-ptr_node1-N73_node2-orgN15_edge1-E8,1.028509,0.95485103
MOF_net-pcl_node1-N79_edge1-E7,1.0266831,1.0427798
MOF_net-pth_node1-N42_node2-orgN19_edge1-E1,1.0253043,1.0213689
MOF_net-ssa_node1-N41_node2-orgN18_edge1-E1,1.0235875,0.80512995
MOF_net-pth_node1-N42_node2-orgN19_edge1-E9,1.0228943,0.9766484
MOF_net-umq_node1-N78_edge1-E15,1.0226628,1.0574814
MOF_net-nom_node1-N79_node2-orgN15_edge1-E5,1.0224224,1.009456
MOF_net-ptr_node1-N73_node2-orgN10_edge1-E8,1.0125738,0.98054445
MOF_net-dei_node1-N73_edge1-E8,1.0100625,1.0217214
MOF_net-ptr_node1-N78_node2-orgN15_edge1-E8,1.0080516,1.0214853
MOF_net-pth_node1-N18_node2-orgN19_edge1-E1,1.0065509,0.9827522
MOF_net-ptr_node1-N18_node2-orgN15_edge1-E8,1.002872,0.9973837
MOF_net-ctn_node1-N83_node2-N79_edge1-E1,0.999265,0.91377896
MOF_net-uou_node1-N79_edge1-E13,0.9984372,1.0113202
MOF_net-ptr_node1-N73_node2-orgN18_edge1-E5,0.9982054,0.9923199
MOF_net-ssa_node1-N41_node2-orgN21_edge1-E1,0.99785274,0.71519977
MOF_net-ptr_node1-N78_node2-orgN10_edge1-E8,0.99691975,1.0246724
MOF_net-nom_node1-N42_node2-orgN18_edge1-E0,0.9965122,0.96870106
MOF_net-ptr_node1-N55_node2-orgN21_edge1-E5,0.99269396,1.0571187
MOF_net-ptr_node1-N74_node2-orgN15_edge1-E14,0.99013114,1.1783714
MOF_net-ptr_node1-N10_node2-orgN21_edge1-E5,0.98711723,1.0219834
MOF_net-ptr_node1-N10_node2-orgN15_edge1-E14,0.9802465,1.0149878
MOF_net-nom_node1-N74_node2-orgN19_edge1-E3,0.9783333,0.99244183
MOF_net-ptr_node1-N29_node2-orgN15_edge1-E8,0.9753379,0.95467764
MOF_net-nom_node1-N73_node2-orgN19_edge1-E3,0.9750377,0.94304407
MOF_net-ptr_node1-N10_node2-orgN10_edge1-E14,0.97414863,1.0125206
MOF_net-gme_node1-N18_edge1-E15,0.9731739,0.9926505
MOF_net-ptr_node1-N18_node2-orgN21_edge1-E5,0.9719076,1.0908113
MOF_net-nom_node1-N78_node2-orgN19_edge1-E3,0.96933323,0.9547588
MOF_net-ptr_node1-N78_node2-orgN18_edge1-E5,0.968442,1.0546145
MOF_net-ssa_node1-N41_node2-orgN19_edge1-E1,0.96513873,0.8284287
MOF_net-umr_node1-N78_edge1-E13,0.9642449,0.97393423
MOF_net-pth_node1-N74_node2-orgN19_edge1-E1,0.9624184,0.9516436
MOF_net-rho_node1-N78_edge1-E13,0.95980936,1.0513839
MOF_net-ptr_node1-N10_node2-orgN10_edge1-E8,0.9576394,0.9800579
MOF_net-ssb_node1-N41_node2-orgN19_edge1-E5,0.95372975,0.8719719
MOF_net-ptr_node1-N74_node2-orgN18_edge1-E5,0.95330864,1.1372141
MOF_net-ptr_node1-N74_node2-orgN21_edge1-E5,0.9517589,1.2089014
MOF_net-ptr_node1-N78_node2-orgN19_edge1-E3,0.9475605,0.92454064
MOF_net-eea_node1-N83_node2-N20_edge1-E5,0.9440209,0.87746793
MOF_net-pth_node1-N10_node2-orgN19_edge1-E9,0.9415906,0.8657226
MOF_net-ana_node1-N55_edge1-E13,0.9395274,1.2757174
MOF_net-pcu-g_node1-N66_edge1-E7,0.93858343,0.9613145
MOF_net-sin_node1-N66_edge1-E14,0.9267952,1.0020568
MOF_net-nom_node1-N10_node2-orgN19_edge1-E3,0.92570627,0.92718875
MOF_net-ptr_node1-N74_node2-orgN19_edge1-E3,0.9211929,0.95822006
MOF_net-eea_node1-N83_node2-N19_edge1-E14,0.9186546,0.91262513
MOF_net-nom_node1-N10_node2-orgN10_edge1-E1,0.9140708,0.9162663
MOF_net-nom_node1-N10_node2-orgN15_edge1-E1,0.9082735,0.9232716
MOF_net-nom_node1-N18_node2-orgN18_edge1-E7,0.9070815,0.8972583
MOF_net-ptr_node1-N55_node2-orgN19_edge1-E3,0.9013168,0.8962789
MOF_net-uks_node1-N54_edge1-E1,0.9005241,0.8951636
MOF_net-ssa_node1-N41_node2-orgN21_edge1-E0,0.89954776,0.8231557
MOF_net-pth_node1-N74_node2-orgN19_edge1-E9,0.8957267,0.92079884
MOF_net-nom_node1-N73_node2-orgN18_edge1-E7,0.89351815,0.893863
MOF_net-ptr_node1-N29_node2-orgN19_edge1-E3,0.88403803,0.87079674
MOF_net-rho_node1-N29_edge1-E13,0.88267875,0.87974805
MOF_net-eea_node1-N83_node2-N49_edge1-E7,0.87909,0.89126545
MOF_net-pth_node1-N18_node2-orgN19_edge1-E9,0.87718505,0.8940057
MOF_net-pth_node1-N42_node2-orgN19_edge1-E15,0.8734069,0.7966383
MOF_net-pts_node1-N10_node2-orgN19_edge1-E1,0.8697017,0.7150566
MOF_net-nom_node1-N79_node2-orgN15_edge1-E7,0.86814016,0.8624275
MOF_net-nom_node1-N79_node2-orgN10_edge1-E7,0.8625006,0.8700996
MOF_net-cag_node1-N79_edge1-E1,0.8552802,0.9066888
MOF_net-ato_node1-N78_edge1-E15,0.85187584,0.8664245
MOF_net-pto_node1-N41_node2-orgN2_edge1-E15,0.851783,0.810357
MOF_net-afi_node1-N78_edge1-E15,0.8451598,0.87316054
MOF_net-pth_node1-N42_node2-orgN19_edge1-E13,0.8432522,0.795294
MOF_net-nom_node1-N79_node2-orgN10_edge1-E0,0.8423204,0.83297604
MOF_net-nom_node1-N79_node2-orgN15_edge1-E0,0.8408584,0.8398414
MOF_net-ctn_node1-N79_node2-orgN26_edge1-E13,0.83871657,0.77070487
MOF_net-ssa_node1-N41_node2-orgN13_edge1-E6,0.824274,0.85103816
MOF_net-afi_node1-N18_edge1-E15,0.82389486,0.89540154
MOF_net-pto_node1-N41_node2-orgN2_edge1-E13,0.81834304,0.77307695
MOF_net-pth_node1-N78_node2-orgN19_edge1-E13,0.8151067,0.7145228
MOF_net-pth_node1-N10_node2-orgN19_edge1-E15,0.8097926,0.70684296
MOF_net-pth_node1-N78_node2-orgN19_edge1-E15,0.80626583,0.7668397
MOF_net-mer_node1-N74_edge1-E13,0.80331486,0.95190793
MOF_net-pth_node1-N74_node2-orgN19_edge1-E15,0.79598427,0.7804702
MOF_net-pth_node1-N18_node2-orgN19_edge1-E13,0.78987527,0.7026127
MOF_net-umk_node1-N74_edge1-E15,0.7815272,0.8774281
MOF_net-pts_node1-N79_node2-orgN10_edge1-E15,0.77536887,0.69420105
MOF_net-afi_node1-N74_edge1-E13,0.77281827,0.9795236
MOF_net-pts_node1-N79_node2-orgN15_edge1-E13,0.7710913,0.65299624
MOF_net-pts_node1-N79_node2-orgN15_edge1-E15,0.7687705,0.69521815
MOF_net-pts_node1-N79_node2-orgN10_edge1-E13,0.76357853,0.66836476
MOF_net-pth_node1-N10_node2-orgN19_edge1-E13,0.7600756,0.67335254
MOF_net-afi_node1-N79_edge1-E8,0.7561392,0.67479914
MOF_net-pth_node1-N18_node2-orgN19_edge1-E15,0.7556128,0.73563653
MOF_net-ctn_node1-N83_node2-N79_edge1-E15,0.7522398,0.6182439
MOF_net-gme_node1-N29_edge1-E15,0.7510709,0.77368045
MOF_net-wiw_node1-N66_edge1-E8,0.7506375,0.79584676
MOF_net-pts_node1-N79_node2-orgN19_edge1-E7,0.74183583,0.6659856
MOF_net-dei_node1-N78_edge1-E15,0.73066556,0.73727924
MOF_net-pto_node1-N41_node2-orgN26_edge1-E13,0.72597283,0.6798871
MOF_net-pts_node1-N79_node2-orgN19_edge1-E0,0.7218341,0.6625962
MOF_net-nom_node1-N10_node2-orgN19_edge1-E5,0.7173494,0.6860419
MOF_net-pts_node1-N79_node2-orgN21_edge1-E1,0.7094049,0.677416
MOF_net-ptr_node1-N73_node2-orgN18_edge1-E14,0.7064056,0.7142193
MOF_net-ptr_node1-N78_node2-orgN18_edge1-E8,0.7058179,0.7389609
MOF_net-lcy-a_node1-N18_edge1-E15,0.7022371,0.7200228
MOF_net-nom_node1-N42_node2-orgN15_edge1-E15,0.6965237,0.6815746
MOF_net-afi_node1-N79_edge1-E14,0.68956846,0.7178305
MOF_net-pts_node1-N79_node2-orgN19_edge1-E4,0.68523055,0.6311137
MOF_net-eea_node1-N83_node2-N47_edge1-E8,0.6841777,0.71068805
MOF_net-eea_node1-N83_node2-N20_edge1-E14,0.68361014,0.72187114
MOF_net-etf_node1-N66_edge1-E0,0.6795508,0.6473475
MOF_net-nom_node1-N42_node2-orgN18_edge1-E1,0.6783393,0.655868
MOF_net-dei_node1-N78_edge1-E13,0.6734819,0.7257128
MOF_net-nom_node1-N42_node2-orgN19_edge1-E0,0.67281055,0.66647375
MOF_net-ptr_node1-N78_node2-orgN19_edge1-E5,0.67205644,0.6936113
MOF_net-gme_node1-N78_edge1-E15,0.6703354,0.6752843
MOF_net-umk_node1-N29_edge1-E15,0.6695165,0.70180327
MOF_net-ssa_node1-N41_node2-orgN10_edge1-E13,0.6581178,0.53091544
MOF_net-ssa_node1-N41_node2-orgN15_edge1-E13,0.6548453,0.5351836
MOF_net-eea_node1-N83_node2-N20_edge1-E8,0.65177053,0.68479735
MOF_net-ssa_node1-N41_node2-orgN18_edge1-E14,0.6370983,0.5829902
MOF_net-cag_node1-N79_edge1-E13,0.63333976,0.66247946
MOF_net-ssa_node1-N41_node2-orgN18_edge1-E8,0.6324317,0.5235439
MOF_net-nom_node1-N73_node2-orgN19_edge1-E7,0.62912315,0.5890705
MOF_net-ptr_node1-N78_node2-orgN15_edge1-E15,0.6164449,0.5917358
MOF_net-nom_node1-N10_node2-orgN19_edge1-E7,0.6113823,0.57490057
MOF_net-pcl_node1-N79_edge1-E15,0.60922366,0.5844449
MOF_net-pts_node1-N79_node2-orgN19_edge1-E8,0.6054827,0.55439013
MOF_net-ptr_node1-N78_node2-orgN10_edge1-E15,0.6020862,0.5980496
MOF_net-ssa_node1-N41_node2-orgN21_edge1-E14,0.60047776,0.5242891
MOF_net-nom_node1-N10_node2-orgN19_edge1-E0,0.5981621,0.547205
MOF_net-pcu-h_node1-N83_edge1-E1,0.58933216,0.6233372
MOF_net-gme_node1-N10_edge1-E15,0.58615184,0.5569471
MOF_net-ssa_node1-N41_node2-orgN21_edge1-E8,0.5781719,0.491271
MOF_net-ptr_node1-N78_node2-orgN19_edge1-E7,0.578151,0.5717872
MOF_net-dei_node1-N73_edge1-E15,0.57737887,0.4475741
MOF_net-nom_node1-N79_node2-orgN10_edge1-E1,0.5590902,0.55426854
MOF_net-deh_node1-N83_edge1-none,0.54502344,0.6617578
MOF_net-pbp_node1-N66_edge1-E8,0.53820723,0.5953795
MOF_net-eea_node1-N19_node2-orgN17_edge1-E15,0.5304579,0.5608516
MOF_net-pcu-h_node1-N83_edge1-E15,0.48861352,0.44713023
MOF_net-gis_node1-N79_edge1-E13,0.4801078,0.44890282
MOF_net-pts_node1-N79_node2-orgN19_edge1-E1,0.47853735,0.42907593
MOF_net-pcu-h_node1-N83_edge1-E13,0.45500365,0.38757035
MOF_net-deh_node1-N66_edge1-E7,0.40567002,0.39356688
MOF_net-ptr_node1-N10_node2-orgN19_edge1-E8,0.399295,0.34069568
MOF_net-nom_node1-N10_node2-orgN19_edge1-E1,0.33337355,0.33840957
MOF_net-ssa_node1-N41_node2-orgN18_edge1-E15,0.31831643,0.26674655
MOF_net-utj_node1-N83_edge1-E1,0.2664773,0.21315685
MOF_net-ssa_node1-N41_node2-orgN21_edge1-E15,0.24545854,0.23145285
MOF_net-sod-h_node1-N66_edge1-E5,0.24322978,0.27413273
MOF_net-lvt-a_node1-N66_edge1-E7,0.214436,0.19440562
MOF_net-ssa_node1-N41_node2-orgN18_edge1-E13,0.2134256,0.14937359
MOF_net-ssa_node1-N41_node2-orgN21_edge1-E13,0.19204363,0.14128649
MOF_net-lvt-a_node1-N66_edge1-E0,0.18906116,0.2002162
MOF_net-afi_node1-N79_edge1-E13,0.16306925,0.25939578
MOF_net-sod-g_node1-N66_edge1-E8,0.1277297,0.2813937
MOF_net-deh_node1-N66_edge1-E13,0.09077422,0.12764522
MOF_net-ssa_node1-N41_node2-orgN19_edge1-E15,0.07395175,0.1706596
MOF_net-ssa_node1-N41_node2-orgN19_edge1-E13,0.06670231,0.06913708
MOF_net-pbz_node1-N83_edge1-E14,0.059232302,0.056886487
MOF_net-sod-h_node1-N66_edge1-E14,0.05519996,0.057199664
MOF_net-sod-h_node1-N66_edge1-E8,0.038260702,0.045161907
MOF_net-etb_node1-N83_edge1-E13,0.030365005,-0.00303378
MOF_net-lig_node1-N83_edge1-E1,0.024964944,0.030629955
MOF_net-pbz_node1-N83_edge1-E15,0.024390303,0.001929283
MOF_net-etb_node1-N83_edge1-E15,0.008023769,0.002446123
